Estimator,parameters,best_params,Scaler,Sampler,Clusterer,0_precision,0_recall,0_f1-score,1_precision,1_recall,1_f1-score,macro_avg_precision,macro_avg_recall,macro_avg_f1-score,weighted_avg_precision,weighted_avg_recall,weighted_avg_f1-score,accuracy
KNeighborsClassifier,"{'n_neighbors': [3, 5, 7, 9, 11]}",{'n_neighbors': 3},StandardScaler,OverSampler,KMeans,0.9588235294117647,0.9106145251396648,0.9340974212034384,0.4666666666666667,0.6666666666666666,0.5490196078431373,0.7127450980392157,0.7886405959031657,0.7415585145232879,0.9071470588235294,0.885,0.8936642508006067,0.885
KNeighborsClassifier,"{'n_neighbors': [3, 5, 7, 9, 11]}",{'n_neighbors': 3},StandardScaler,OverSampler,passthrough,0.9542857142857143,0.9329608938547486,0.943502824858757,0.52,0.6190476190476191,0.5652173913043478,0.7371428571428571,0.7760042564511838,0.7543601080815524,0.9086857142857143,0.9,0.9037828543355441,0.9
KNeighborsClassifier,"{'n_neighbors': [3, 5, 7, 9, 11]}",{'n_neighbors': 7},StandardScaler,UnderSampler,KMeans,0.9758064516129032,0.6759776536312849,0.7986798679867987,0.23684210526315788,0.8571428571428571,0.3711340206185567,0.6063242784380306,0.766560255387071,0.5849069443026778,0.8982151952461801,0.695,0.7537875540131332,0.695
KNeighborsClassifier,"{'n_neighbors': [3, 5, 7, 9, 11]}",{'n_neighbors': 3},StandardScaler,UnderSampler,passthrough,0.9865771812080537,0.8212290502793296,0.8963414634146342,0.37254901960784315,0.9047619047619048,0.5277777777777779,0.6795631004079484,0.8629954775206172,0.712059620596206,0.9221042242400316,0.83,0.8576422764227642,0.83
KNeighborsClassifier,"{'n_neighbors': [3, 5, 7, 9, 11]}",{'n_neighbors': 5},StandardScaler,passtrough,KMeans,0.9361702127659575,0.9832402234636871,0.9591280653950954,0.75,0.42857142857142855,0.5454545454545454,0.8430851063829787,0.7059058260175578,0.7522913054248204,0.9166223404255319,0.925,0.9156923458013378,0.925
KNeighborsClassifier,"{'n_neighbors': [3, 5, 7, 9, 11]}",{'n_neighbors': 3},StandardScaler,passtrough,passthrough,0.9301075268817204,0.9664804469273743,0.947945205479452,0.5714285714285714,0.38095238095238093,0.4571428571428571,0.7507680491551458,0.6737164139398777,0.7025440313111546,0.8924462365591397,0.905,0.8964109589041095,0.905
KNeighborsClassifier,"{'n_neighbors': [3, 5, 7, 9, 11]}",{'n_neighbors': 3},MinMaxScaler,OverSampler,KMeans,0.9060773480662984,0.9162011173184358,0.9111111111111111,0.21052631578947367,0.19047619047619047,0.2,0.5583018319278861,0.5533386538973131,0.5555555555555556,0.8330444896772319,0.84,0.8364444444444443,0.84
KNeighborsClassifier,"{'n_neighbors': [3, 5, 7, 9, 11]}",{'n_neighbors': 3},MinMaxScaler,OverSampler,passthrough,0.9344262295081968,0.9553072625698324,0.9447513812154698,0.5294117647058824,0.42857142857142855,0.4736842105263158,0.7319189971070396,0.6919393455706305,0.7092177958708927,0.8918997107039537,0.9,0.8952893282931086,0.9
KNeighborsClassifier,"{'n_neighbors': [3, 5, 7, 9, 11]}",{'n_neighbors': 11},MinMaxScaler,UnderSampler,KMeans,0.937007874015748,0.664804469273743,0.7777777777777778,0.1780821917808219,0.6190476190476191,0.276595744680851,0.5575450328982849,0.6419260441606811,0.5271867612293144,0.8573206773810809,0.66,0.7251536643026004,0.66
KNeighborsClassifier,"{'n_neighbors': [3, 5, 7, 9, 11]}",{'n_neighbors': 11},MinMaxScaler,UnderSampler,passthrough,0.9673202614379085,0.8268156424581006,0.8915662650602411,0.3404255319148936,0.7619047619047619,0.4705882352941176,0.653872896676401,0.7943602021814312,0.6810772501771793,0.901496314837992,0.82,0.847363571934798,0.82
KNeighborsClassifier,"{'n_neighbors': [3, 5, 7, 9, 11]}",{'n_neighbors': 3},MinMaxScaler,passtrough,KMeans,0.9153439153439153,0.9664804469273743,0.9402173913043478,0.45454545454545453,0.23809523809523808,0.31249999999999994,0.684944684944685,0.6022878425113062,0.6263586956521738,0.8669600769600768,0.89,0.8743070652173912,0.89
KNeighborsClassifier,"{'n_neighbors': [3, 5, 7, 9, 11]}",{'n_neighbors': 3},MinMaxScaler,passtrough,passthrough,0.9025641025641026,0.9832402234636871,0.9411764705882353,0.4,0.09523809523809523,0.15384615384615385,0.6512820512820513,0.5392391593508912,0.5475113122171946,0.8497948717948718,0.89,0.8585067873303167,0.89
KNeighborsClassifier,"{'n_neighbors': [3, 5, 7, 9, 11]}",{'n_neighbors': 5},RobustScaler,OverSampler,KMeans,0.9625,0.8603351955307262,0.9085545722713865,0.375,0.7142857142857143,0.4918032786885245,0.66875,0.7873104549082203,0.7001789254799555,0.9008125,0.845,0.8647956864451859,0.845
KNeighborsClassifier,"{'n_neighbors': [3, 5, 7, 9, 11]}",{'n_neighbors': 5},RobustScaler,OverSampler,passthrough,0.9698795180722891,0.8994413407821229,0.9333333333333333,0.47058823529411764,0.7619047619047619,0.5818181818181817,0.7202338766832034,0.8306730513434424,0.7575757575757576,0.9174539333805811,0.885,0.8964242424242425,0.885
KNeighborsClassifier,"{'n_neighbors': [3, 5, 7, 9, 11]}",{'n_neighbors': 7},RobustScaler,UnderSampler,KMeans,0.9645390070921985,0.7597765363128491,0.85,0.2711864406779661,0.7619047619047619,0.4,0.6178627238850823,0.7608406491088056,0.625,0.8917369876187041,0.76,0.8027500000000001,0.76
KNeighborsClassifier,"{'n_neighbors': [3, 5, 7, 9, 11]}",{'n_neighbors': 11},RobustScaler,UnderSampler,passthrough,0.9808917197452229,0.8603351955307262,0.9166666666666666,0.4186046511627907,0.8571428571428571,0.5625000000000001,0.6997481854540069,0.8587390263367917,0.7395833333333334,0.9218515775440674,0.86,0.8794791666666666,0.86
KNeighborsClassifier,"{'n_neighbors': [3, 5, 7, 9, 11]}",{'n_neighbors': 3},RobustScaler,passtrough,KMeans,0.9312169312169312,0.9832402234636871,0.9565217391304348,0.7272727272727273,0.38095238095238093,0.5,0.8292448292448292,0.682096302208034,0.7282608695652174,0.9098027898027898,0.92,0.9085869565217393,0.92
KNeighborsClassifier,"{'n_neighbors': [3, 5, 7, 9, 11]}",{'n_neighbors': 3},RobustScaler,passtrough,passthrough,0.9206349206349206,0.9720670391061452,0.9456521739130433,0.5454545454545454,0.2857142857142857,0.37499999999999994,0.7330447330447329,0.6288906624102155,0.6603260869565216,0.8812409812409812,0.9,0.8857336956521737,0.9
KNeighborsClassifier,"{'n_neighbors': [3, 5, 7, 9, 11]}",{'n_neighbors': 3},MaxAbsScaler,OverSampler,KMeans,0.9181286549707602,0.8770949720670391,0.8971428571428571,0.2413793103448276,0.3333333333333333,0.28,0.5797539826577939,0.6052141527001862,0.5885714285714285,0.8470699737850373,0.82,0.832342857142857,0.82
KNeighborsClassifier,"{'n_neighbors': [3, 5, 7, 9, 11]}",{'n_neighbors': 3},MaxAbsScaler,OverSampler,passthrough,0.9441340782122905,0.9441340782122905,0.9441340782122905,0.5238095238095238,0.5238095238095238,0.5238095238095238,0.7339718010109071,0.7339718010109071,0.7339718010109071,0.9,0.9,0.9,0.9
KNeighborsClassifier,"{'n_neighbors': [3, 5, 7, 9, 11]}",{'n_neighbors': 11},MaxAbsScaler,UnderSampler,KMeans,0.9504132231404959,0.6424581005586593,0.7666666666666667,0.189873417721519,0.7142857142857143,0.30000000000000004,0.5701433204310075,0.6783719074221868,0.5333333333333334,0.8705565435715034,0.65,0.7176666666666668,0.65
KNeighborsClassifier,"{'n_neighbors': [3, 5, 7, 9, 11]}",{'n_neighbors': 7},MaxAbsScaler,UnderSampler,passthrough,0.9615384615384616,0.6983240223463687,0.8090614886731391,0.22857142857142856,0.7619047619047619,0.3516483516483517,0.595054945054945,0.7301143921255653,0.5803549201607454,0.8845769230769231,0.705,0.7610331092855364,0.705
KNeighborsClassifier,"{'n_neighbors': [3, 5, 7, 9, 11]}",{'n_neighbors': 5},MaxAbsScaler,passtrough,KMeans,0.9035532994923858,0.994413407821229,0.9468085106382979,0.6666666666666666,0.09523809523809523,0.16666666666666666,0.7851099830795263,0.5448257515296622,0.5567375886524822,0.8786802030456853,0.9,0.8648936170212765,0.9
KNeighborsClassifier,"{'n_neighbors': [3, 5, 7, 9, 11]}",{'n_neighbors': 3},MaxAbsScaler,passtrough,passthrough,0.9072164948453608,0.9832402234636871,0.9436997319034853,0.5,0.14285714285714285,0.22222222222222224,0.7036082474226804,0.563048683160415,0.5829609770628538,0.8644587628865978,0.895,0.8679445933869526,0.895
LogisticRegression,"{'C': [0.1, 1, 10, 100], 'max_iter': [1000]}","{'C': 10, 'max_iter': 1000}",StandardScaler,OverSampler,KMeans,0.9714285714285714,0.7597765363128491,0.8526645768025078,0.2833333333333333,0.8095238095238095,0.419753086419753,0.6273809523809524,0.7846501729183293,0.6362088316111304,0.8991785714285713,0.765,0.8072088703123186,0.765
LogisticRegression,"{'C': [0.1, 1, 10, 100], 'max_iter': [1000]}","{'C': 0.1, 'max_iter': 1000}",StandardScaler,OverSampler,passthrough,0.9875,0.88268156424581,0.9321533923303834,0.475,0.9047619047619048,0.6229508196721311,0.73125,0.8937217345038574,0.7775521060012572,0.9336875,0.885,0.8996871222012669,0.885
LogisticRegression,"{'C': [0.1, 1, 10, 100], 'max_iter': [1000]}","{'C': 0.1, 'max_iter': 1000}",StandardScaler,UnderSampler,KMeans,0.971830985915493,0.770949720670391,0.8598130841121496,0.29310344827586204,0.8095238095238095,0.430379746835443,0.6324672170956775,0.7902367650971003,0.6450964154737964,0.9005645944633318,0.775,0.8147225836980954,0.775
LogisticRegression,"{'C': [0.1, 1, 10, 100], 'max_iter': [1000]}","{'C': 1, 'max_iter': 1000}",StandardScaler,UnderSampler,passthrough,0.9863945578231292,0.8100558659217877,0.8895705521472392,0.3584905660377358,0.9047619047619048,0.5135135135135135,0.6724425619304325,0.8574088853418462,0.7015420328303763,0.920464638685663,0.82,0.850084563090698,0.82
LogisticRegression,"{'C': [0.1, 1, 10, 100], 'max_iter': [1000]}","{'C': 10, 'max_iter': 1000}",StandardScaler,passtrough,KMeans,0.9175257731958762,0.994413407821229,0.9544235924932976,0.8333333333333334,0.23809523809523808,0.37037037037037035,0.8754295532646048,0.6162543229582336,0.662396981431834,0.9086855670103092,0.915,0.8930980041703901,0.915
LogisticRegression,"{'C': [0.1, 1, 10, 100], 'max_iter': [1000]}","{'C': 10, 'max_iter': 1000}",StandardScaler,passtrough,passthrough,0.956989247311828,0.994413407821229,0.9753424657534246,0.9285714285714286,0.6190476190476191,0.742857142857143,0.9427803379416283,0.806730513434424,0.8590998043052838,0.9540053763440861,0.955,0.950931506849315,0.955
LogisticRegression,"{'C': [0.1, 1, 10, 100], 'max_iter': [1000]}","{'C': 10, 'max_iter': 1000}",MinMaxScaler,OverSampler,KMeans,0.9285714285714286,0.7988826815642458,0.8588588588588589,0.21739130434782608,0.47619047619047616,0.2985074626865672,0.5729813664596274,0.637536578877361,0.5786831607727131,0.8538975155279503,0.765,0.8000219622607684,0.765
LogisticRegression,"{'C': [0.1, 1, 10, 100], 'max_iter': [1000]}","{'C': 10, 'max_iter': 1000}",MinMaxScaler,OverSampler,passthrough,0.9811320754716981,0.8715083798882681,0.923076923076923,0.43902439024390244,0.8571428571428571,0.5806451612903225,0.7100782328578003,0.8643256185155626,0.7518610421836227,0.9242107685227796,0.87,0.88712158808933,0.87
LogisticRegression,"{'C': [0.1, 1, 10, 100], 'max_iter': [1000]}","{'C': 100, 'max_iter': 1000}",MinMaxScaler,UnderSampler,KMeans,0.9328358208955224,0.6983240223463687,0.7987220447284344,0.18181818181818182,0.5714285714285714,0.27586206896551724,0.5573270013568521,0.63487629688747,0.5372920568469759,0.8539789687924016,0.685,0.7438217472733283,0.685
LogisticRegression,"{'C': [0.1, 1, 10, 100], 'max_iter': [1000]}","{'C': 100, 'max_iter': 1000}",MinMaxScaler,UnderSampler,passthrough,0.9751552795031055,0.8770949720670391,0.9235294117647059,0.4358974358974359,0.8095238095238095,0.5666666666666667,0.7055263577002707,0.8433093907954243,0.7450980392156863,0.9185332059245103,0.87,0.8860588235294118,0.87
LogisticRegression,"{'C': [0.1, 1, 10, 100], 'max_iter': [1000]}","{'C': 0.1, 'max_iter': 1000}",MinMaxScaler,passtrough,KMeans,0.895,1.0,0.9445910290237467,0.0,0.0,0.0,0.4475,0.5,0.47229551451187335,0.8010250000000001,0.895,0.8454089709762533,0.895
LogisticRegression,"{'C': [0.1, 1, 10, 100], 'max_iter': [1000]}","{'C': 100, 'max_iter': 1000}",MinMaxScaler,passtrough,passthrough,0.956989247311828,0.994413407821229,0.9753424657534246,0.9285714285714286,0.6190476190476191,0.742857142857143,0.9427803379416283,0.806730513434424,0.8590998043052838,0.9540053763440861,0.955,0.950931506849315,0.955
LogisticRegression,"{'C': [0.1, 1, 10, 100], 'max_iter': [1000]}","{'C': 0.1, 'max_iter': 1000}",RobustScaler,OverSampler,KMeans,0.967741935483871,0.8379888268156425,0.8982035928143713,0.35555555555555557,0.7619047619047619,0.48484848484848486,0.6616487455197133,0.7999467943602021,0.6915260388314282,0.9034623655913978,0.83,0.8548013064779534,0.83
LogisticRegression,"{'C': [0.1, 1, 10, 100], 'max_iter': [1000]}","{'C': 1, 'max_iter': 1000}",RobustScaler,OverSampler,passthrough,0.9813664596273292,0.88268156424581,0.9294117647058824,0.46153846153846156,0.8571428571428571,0.6,0.7214524605828954,0.8699122106943336,0.7647058823529411,0.926784519827998,0.88,0.8948235294117647,0.88
LogisticRegression,"{'C': [0.1, 1, 10, 100], 'max_iter': [1000]}","{'C': 100, 'max_iter': 1000}",RobustScaler,UnderSampler,KMeans,0.974025974025974,0.8379888268156425,0.9009009009009009,0.3695652173913043,0.8095238095238095,0.5074626865671641,0.6717955957086392,0.823756318169726,0.7041817937340324,0.9105575945793336,0.835,0.8595898883958586,0.835
LogisticRegression,"{'C': [0.1, 1, 10, 100], 'max_iter': [1000]}","{'C': 10, 'max_iter': 1000}",RobustScaler,UnderSampler,passthrough,0.9757575757575757,0.8994413407821229,0.936046511627907,0.4857142857142857,0.8095238095238095,0.6071428571428571,0.7307359307359307,0.8544825751529662,0.771594684385382,0.9243030303030302,0.89,0.9015116279069767,0.89
LogisticRegression,"{'C': [0.1, 1, 10, 100], 'max_iter': [1000]}","{'C': 1, 'max_iter': 1000}",RobustScaler,passtrough,KMeans,0.8944723618090452,0.994413407821229,0.9417989417989417,0.0,0.0,0.0,0.4472361809045226,0.4972067039106145,0.4708994708994709,0.8005527638190955,0.89,0.8429100529100529,0.89
LogisticRegression,"{'C': [0.1, 1, 10, 100], 'max_iter': [1000]}","{'C': 100, 'max_iter': 1000}",RobustScaler,passtrough,passthrough,0.956989247311828,0.994413407821229,0.9753424657534246,0.9285714285714286,0.6190476190476191,0.742857142857143,0.9427803379416283,0.806730513434424,0.8590998043052838,0.9540053763440861,0.955,0.950931506849315,0.955
LogisticRegression,"{'C': [0.1, 1, 10, 100], 'max_iter': [1000]}","{'C': 1, 'max_iter': 1000}",MaxAbsScaler,OverSampler,KMeans,0.9166666666666666,0.49162011173184356,0.6399999999999999,0.125,0.6190476190476191,0.208,0.5208333333333333,0.5553338653897313,0.42399999999999993,0.8335416666666666,0.505,0.59464,0.505
LogisticRegression,"{'C': [0.1, 1, 10, 100], 'max_iter': [1000]}","{'C': 100, 'max_iter': 1000}",MaxAbsScaler,OverSampler,passthrough,0.9811320754716981,0.8715083798882681,0.923076923076923,0.43902439024390244,0.8571428571428571,0.5806451612903225,0.7100782328578003,0.8643256185155626,0.7518610421836227,0.9242107685227796,0.87,0.88712158808933,0.87
LogisticRegression,"{'C': [0.1, 1, 10, 100], 'max_iter': [1000]}","{'C': 100, 'max_iter': 1000}",MaxAbsScaler,UnderSampler,KMeans,0.9139784946236559,0.4748603351955307,0.6250000000000001,0.12149532710280374,0.6190476190476191,0.203125,0.5177369108632298,0.5469539771215749,0.41406250000000006,0.8307677620339663,0.49,0.5807031250000001,0.49
LogisticRegression,"{'C': [0.1, 1, 10, 100], 'max_iter': [1000]}","{'C': 100, 'max_iter': 1000}",MaxAbsScaler,UnderSampler,passthrough,0.9934640522875817,0.8491620111731844,0.9156626506024096,0.425531914893617,0.9523809523809523,0.5882352941176471,0.7094979835905993,0.9007714817770683,0.7519489723600283,0.9338311778612155,0.86,0.8812827781715095,0.86
LogisticRegression,"{'C': [0.1, 1, 10, 100], 'max_iter': [1000]}","{'C': 0.1, 'max_iter': 1000}",MaxAbsScaler,passtrough,KMeans,0.895,1.0,0.9445910290237467,0.0,0.0,0.0,0.4475,0.5,0.47229551451187335,0.8010250000000001,0.895,0.8454089709762533,0.895
LogisticRegression,"{'C': [0.1, 1, 10, 100], 'max_iter': [1000]}","{'C': 100, 'max_iter': 1000}",MaxAbsScaler,passtrough,passthrough,0.956989247311828,0.994413407821229,0.9753424657534246,0.9285714285714286,0.6190476190476191,0.742857142857143,0.9427803379416283,0.806730513434424,0.8590998043052838,0.9540053763440861,0.955,0.950931506849315,0.955
DecisionTreeClassifier,"{'max_depth': [3, 5, 7, 9, 11]}",{'max_depth': 7},StandardScaler,OverSampler,KMeans,0.9447852760736196,0.8603351955307262,0.9005847953216374,0.32432432432432434,0.5714285714285714,0.41379310344827586,0.634554800198972,0.7158818834796488,0.6571889493849566,0.8796368761399436,0.83,0.8494716676749343,0.83
DecisionTreeClassifier,"{'max_depth': [3, 5, 7, 9, 11]}",{'max_depth': 11},StandardScaler,OverSampler,passthrough,0.9774011299435028,0.9664804469273743,0.9719101123595506,0.7391304347826086,0.8095238095238095,0.7727272727272727,0.8582657823630557,0.8880021282255919,0.8723186925434117,0.9523827069516089,0.95,0.9509959141981613,0.95
DecisionTreeClassifier,"{'max_depth': [3, 5, 7, 9, 11]}",{'max_depth': 7},StandardScaler,UnderSampler,KMeans,0.9682539682539683,0.6815642458100558,0.8,0.22972972972972974,0.8095238095238095,0.35789473684210527,0.598991848991849,0.7455440276669327,0.5789473684210527,0.8907089232089233,0.695,0.7535789473684211,0.695
DecisionTreeClassifier,"{'max_depth': [3, 5, 7, 9, 11]}",{'max_depth': 9},StandardScaler,UnderSampler,passthrough,0.9810126582278481,0.8659217877094972,0.9198813056379822,0.42857142857142855,0.8571428571428571,0.5714285714285714,0.7047920433996383,0.8615323224261772,0.7456549385332768,0.9230063291139241,0.865,0.8832937685459941,0.865
DecisionTreeClassifier,"{'max_depth': [3, 5, 7, 9, 11]}",{'max_depth': 11},StandardScaler,passtrough,KMeans,0.9157894736842105,0.9720670391061452,0.943089430894309,0.5,0.23809523809523808,0.3225806451612903,0.7078947368421052,0.6050811386006917,0.6328350380277996,0.8721315789473684,0.895,0.877936008392342,0.895
DecisionTreeClassifier,"{'max_depth': [3, 5, 7, 9, 11]}",{'max_depth': 7},StandardScaler,passtrough,passthrough,0.967391304347826,0.994413407821229,0.9807162534435261,0.9375,0.7142857142857143,0.8108108108108109,0.9524456521739131,0.8543495610534717,0.8957635321271684,0.9642527173913044,0.965,0.962876181967091,0.965
DecisionTreeClassifier,"{'max_depth': [3, 5, 7, 9, 11]}",{'max_depth': 9},MinMaxScaler,OverSampler,KMeans,0.9221556886227545,0.8603351955307262,0.8901734104046243,0.24242424242424243,0.38095238095238093,0.2962962962962963,0.5822899655234985,0.6206437882415536,0.5932348533504603,0.8507838867719107,0.81,0.8278163134232499,0.81
DecisionTreeClassifier,"{'max_depth': [3, 5, 7, 9, 11]}",{'max_depth': 11},MinMaxScaler,OverSampler,passthrough,0.9774011299435028,0.9664804469273743,0.9719101123595506,0.7391304347826086,0.8095238095238095,0.7727272727272727,0.8582657823630557,0.8880021282255919,0.8723186925434117,0.9523827069516089,0.95,0.9509959141981613,0.95
DecisionTreeClassifier,"{'max_depth': [3, 5, 7, 9, 11]}",{'max_depth': 9},MinMaxScaler,UnderSampler,KMeans,0.9607843137254902,0.547486033519553,0.697508896797153,0.17346938775510204,0.8095238095238095,0.2857142857142857,0.5671268507402961,0.6785049215216813,0.49161159125571935,0.8781162464985995,0.575,0.6542704626334519,0.575
DecisionTreeClassifier,"{'max_depth': [3, 5, 7, 9, 11]}",{'max_depth': 11},MinMaxScaler,UnderSampler,passthrough,0.9877300613496932,0.8994413407821229,0.9415204678362573,0.5135135135135135,0.9047619047619048,0.6551724137931034,0.7506217874316033,0.9021016227720138,0.7983464408146803,0.9379373238268943,0.9,0.911453922161726,0.9
DecisionTreeClassifier,"{'max_depth': [3, 5, 7, 9, 11]}",{'max_depth': 11},MinMaxScaler,passtrough,KMeans,0.9,0.9553072625698324,0.926829268292683,0.2,0.09523809523809523,0.12903225806451613,0.55,0.5252726789039639,0.5279307631785995,0.8264999999999999,0.865,0.8430605822187255,0.865
DecisionTreeClassifier,"{'max_depth': [3, 5, 7, 9, 11]}",{'max_depth': 3},MinMaxScaler,passtrough,passthrough,0.9623655913978495,1.0,0.9808219178082191,1.0,0.6666666666666666,0.8,0.9811827956989247,0.8333333333333333,0.8904109589041096,0.9663172043010754,0.965,0.9618356164383561,0.965
DecisionTreeClassifier,"{'max_depth': [3, 5, 7, 9, 11]}",{'max_depth': 7},RobustScaler,OverSampler,KMeans,0.9444444444444444,0.8547486033519553,0.8973607038123168,0.3157894736842105,0.5714285714285714,0.4067796610169492,0.6301169590643274,0.7130885873902634,0.652070182414633,0.8784356725146197,0.825,0.8458496943188032,0.825
DecisionTreeClassifier,"{'max_depth': [3, 5, 7, 9, 11]}",{'max_depth': 9},RobustScaler,OverSampler,passthrough,0.9826589595375722,0.9497206703910615,0.9659090909090908,0.6666666666666666,0.8571428571428571,0.75,0.8246628131021194,0.9034317637669593,0.8579545454545454,0.949479768786127,0.94,0.9432386363636363,0.94
DecisionTreeClassifier,"{'max_depth': [3, 5, 7, 9, 11]}",{'max_depth': 3},RobustScaler,UnderSampler,KMeans,0.9632352941176471,0.7318435754189944,0.8317460317460317,0.25,0.7619047619047619,0.3764705882352941,0.6066176470588236,0.7468741686618781,0.6041083099906629,0.8883455882352942,0.735,0.7839421101774042,0.735
DecisionTreeClassifier,"{'max_depth': [3, 5, 7, 9, 11]}",{'max_depth': 7},RobustScaler,UnderSampler,passthrough,0.9932885906040269,0.8268156424581006,0.9024390243902439,0.39215686274509803,0.9523809523809523,0.5555555555555556,0.6927227266745625,0.8895982974195265,0.7289972899728998,0.9301697591788394,0.84,0.8660162601626016,0.84
DecisionTreeClassifier,"{'max_depth': [3, 5, 7, 9, 11]}",{'max_depth': 11},RobustScaler,passtrough,KMeans,0.9293478260869565,0.9553072625698324,0.9421487603305785,0.5,0.38095238095238093,0.4324324324324324,0.7146739130434783,0.6681298217611067,0.6872905963815055,0.884266304347826,0.895,0.8886285459012732,0.895
DecisionTreeClassifier,"{'max_depth': [3, 5, 7, 9, 11]}",{'max_depth': 7},RobustScaler,passtrough,passthrough,0.967391304347826,0.994413407821229,0.9807162534435261,0.9375,0.7142857142857143,0.8108108108108109,0.9524456521739131,0.8543495610534717,0.8957635321271684,0.9642527173913044,0.965,0.962876181967091,0.965
DecisionTreeClassifier,"{'max_depth': [3, 5, 7, 9, 11]}",{'max_depth': 7},MaxAbsScaler,OverSampler,KMeans,0.9225352112676056,0.7318435754189944,0.8161993769470404,0.1724137931034483,0.47619047619047616,0.25316455696202533,0.547474502185527,0.6040170258047353,0.5346819669545329,0.8437724623603691,0.705,0.7570807208486137,0.705
DecisionTreeClassifier,"{'max_depth': [3, 5, 7, 9, 11]}",{'max_depth': 9},MaxAbsScaler,OverSampler,passthrough,0.9880952380952381,0.9273743016759777,0.9567723342939483,0.59375,0.9047619047619048,0.7169811320754718,0.7909226190476191,0.9160681032189413,0.83687673318471,0.946688988095238,0.925,0.9315942580610082,0.925
DecisionTreeClassifier,"{'max_depth': [3, 5, 7, 9, 11]}",{'max_depth': 9},MaxAbsScaler,UnderSampler,KMeans,0.9421487603305785,0.6368715083798883,0.76,0.17721518987341772,0.6666666666666666,0.28,0.5596819751019981,0.6517690875232774,0.52,0.8618307354325766,0.64,0.7095999999999999,0.64
DecisionTreeClassifier,"{'max_depth': [3, 5, 7, 9, 11]}",{'max_depth': 7},MaxAbsScaler,UnderSampler,passthrough,0.9802631578947368,0.8324022346368715,0.9003021148036253,0.375,0.8571428571428571,0.5217391304347825,0.6776315789473684,0.8447725458898643,0.711020622619204,0.9167105263157894,0.835,0.8605530014448968,0.835
DecisionTreeClassifier,"{'max_depth': [3, 5, 7, 9, 11]}",{'max_depth': 9},MaxAbsScaler,passtrough,KMeans,0.91005291005291,0.9608938547486033,0.9347826086956522,0.36363636363636365,0.19047619047619047,0.25,0.6368446368446368,0.5756850226123968,0.5923913043478262,0.8526791726791726,0.88,0.8628804347826088,0.88
DecisionTreeClassifier,"{'max_depth': [3, 5, 7, 9, 11]}",{'max_depth': 3},MaxAbsScaler,passtrough,passthrough,0.9623655913978495,1.0,0.9808219178082191,1.0,0.6666666666666666,0.8,0.9811827956989247,0.8333333333333333,0.8904109589041096,0.9663172043010754,0.965,0.9618356164383561,0.965
RandomForestClassifier,"{'max_depth': [3, 5, 7, 9, 11], 'criterion': ['gini', 'entropy', 'log_loss']}","{'criterion': 'entropy', 'max_depth': 9}",StandardScaler,OverSampler,KMeans,0.9588235294117647,0.9106145251396648,0.9340974212034384,0.4666666666666667,0.6666666666666666,0.5490196078431373,0.7127450980392157,0.7886405959031657,0.7415585145232879,0.9071470588235294,0.885,0.8936642508006067,0.885
RandomForestClassifier,"{'max_depth': [3, 5, 7, 9, 11], 'criterion': ['gini', 'entropy', 'log_loss']}","{'criterion': 'log_loss', 'max_depth': 7}",StandardScaler,OverSampler,passthrough,0.9820359281437125,0.9162011173184358,0.9479768786127168,0.5454545454545454,0.8571428571428571,0.6666666666666665,0.763745236799129,0.8866719872306464,0.8073217726396917,0.9361948829613499,0.91,0.9184393063583817,0.91
RandomForestClassifier,"{'max_depth': [3, 5, 7, 9, 11], 'criterion': ['gini', 'entropy', 'log_loss']}","{'criterion': 'gini', 'max_depth': 9}",StandardScaler,UnderSampler,KMeans,0.9921875,0.7094972067039106,0.8273615635179152,0.2777777777777778,0.9523809523809523,0.4301075268817204,0.6349826388888888,0.8309390795424314,0.6287345451998179,0.9171744791666667,0.735,0.7856498896711147,0.735
RandomForestClassifier,"{'max_depth': [3, 5, 7, 9, 11], 'criterion': ['gini', 'entropy', 'log_loss']}","{'criterion': 'entropy', 'max_depth': 5}",StandardScaler,UnderSampler,passthrough,0.9811320754716981,0.8715083798882681,0.923076923076923,0.43902439024390244,0.8571428571428571,0.5806451612903225,0.7100782328578003,0.8643256185155626,0.7518610421836227,0.9242107685227796,0.87,0.88712158808933,0.87
RandomForestClassifier,"{'max_depth': [3, 5, 7, 9, 11], 'criterion': ['gini', 'entropy', 'log_loss']}","{'criterion': 'log_loss', 'max_depth': 11}",StandardScaler,passtrough,KMeans,0.9319371727748691,0.994413407821229,0.9621621621621621,0.8888888888888888,0.38095238095238093,0.5333333333333333,0.910413030831879,0.687682894386805,0.7477477477477477,0.9274171029668412,0.93,0.917135135135135,0.93
RandomForestClassifier,"{'max_depth': [3, 5, 7, 9, 11], 'criterion': ['gini', 'entropy', 'log_loss']}","{'criterion': 'gini', 'max_depth': 11}",StandardScaler,passtrough,passthrough,0.9619565217391305,0.9888268156424581,0.9752066115702479,0.875,0.6666666666666666,0.7567567567567567,0.9184782608695652,0.8277467411545624,0.8659816841635023,0.9528260869565217,0.955,0.9522693768148314,0.955
RandomForestClassifier,"{'max_depth': [3, 5, 7, 9, 11], 'criterion': ['gini', 'entropy', 'log_loss']}","{'criterion': 'log_loss', 'max_depth': 9}",MinMaxScaler,OverSampler,KMeans,0.9221556886227545,0.8603351955307262,0.8901734104046243,0.24242424242424243,0.38095238095238093,0.2962962962962963,0.5822899655234985,0.6206437882415536,0.5932348533504603,0.8507838867719107,0.81,0.8278163134232499,0.81
RandomForestClassifier,"{'max_depth': [3, 5, 7, 9, 11], 'criterion': ['gini', 'entropy', 'log_loss']}","{'criterion': 'log_loss', 'max_depth': 11}",MinMaxScaler,OverSampler,passthrough,0.9830508474576272,0.9720670391061452,0.9775280898876404,0.782608695652174,0.8571428571428571,0.8181818181818182,0.8828297715549005,0.9146049481245011,0.8978549540347294,0.9620044215180547,0.96,0.9607967313585292,0.96
RandomForestClassifier,"{'max_depth': [3, 5, 7, 9, 11], 'criterion': ['gini', 'entropy', 'log_loss']}","{'criterion': 'log_loss', 'max_depth': 11}",MinMaxScaler,UnderSampler,KMeans,0.9154929577464789,0.7262569832402235,0.809968847352025,0.15517241379310345,0.42857142857142855,0.22784810126582278,0.5353326857697912,0.577414205905826,0.5189084743089238,0.8356593006313744,0.695,0.7488461690129737,0.695
RandomForestClassifier,"{'max_depth': [3, 5, 7, 9, 11], 'criterion': ['gini', 'entropy', 'log_loss']}","{'criterion': 'entropy', 'max_depth': 11}",MinMaxScaler,UnderSampler,passthrough,0.9806451612903225,0.8491620111731844,0.9101796407185629,0.4,0.8571428571428571,0.5454545454545455,0.6903225806451613,0.8531524341580208,0.7278170930865542,0.9196774193548387,0.85,0.8718835057158413,0.85
RandomForestClassifier,"{'max_depth': [3, 5, 7, 9, 11], 'criterion': ['gini', 'entropy', 'log_loss']}","{'criterion': 'entropy', 'max_depth': 11}",MinMaxScaler,passtrough,KMeans,0.9072164948453608,0.9832402234636871,0.9436997319034853,0.5,0.14285714285714285,0.22222222222222224,0.7036082474226804,0.563048683160415,0.5829609770628538,0.8644587628865978,0.895,0.8679445933869526,0.895
RandomForestClassifier,"{'max_depth': [3, 5, 7, 9, 11], 'criterion': ['gini', 'entropy', 'log_loss']}","{'criterion': 'log_loss', 'max_depth': 11}",MinMaxScaler,passtrough,passthrough,0.9623655913978495,1.0,0.9808219178082191,1.0,0.6666666666666666,0.8,0.9811827956989247,0.8333333333333333,0.8904109589041096,0.9663172043010754,0.965,0.9618356164383561,0.965
RandomForestClassifier,"{'max_depth': [3, 5, 7, 9, 11], 'criterion': ['gini', 'entropy', 'log_loss']}","{'criterion': 'entropy', 'max_depth': 9}",RobustScaler,OverSampler,KMeans,0.9375,0.9217877094972067,0.9295774647887324,0.4166666666666667,0.47619047619047616,0.4444444444444445,0.6770833333333334,0.6989890928438414,0.6870109546165885,0.8828125,0.875,0.8786384976525823,0.875
RandomForestClassifier,"{'max_depth': [3, 5, 7, 9, 11], 'criterion': ['gini', 'entropy', 'log_loss']}","{'criterion': 'log_loss', 'max_depth': 7}",RobustScaler,OverSampler,passthrough,0.9878787878787879,0.9106145251396648,0.9476744186046512,0.5428571428571428,0.9047619047619048,0.6785714285714285,0.7653679653679654,0.9076882149507848,0.8131229235880398,0.9411515151515153,0.91,0.9194186046511628,0.91
RandomForestClassifier,"{'max_depth': [3, 5, 7, 9, 11], 'criterion': ['gini', 'entropy', 'log_loss']}","{'criterion': 'gini', 'max_depth': 7}",RobustScaler,UnderSampler,KMeans,0.9708029197080292,0.7430167597765364,0.8417721518987343,0.2698412698412698,0.8095238095238095,0.40476190476190477,0.6203220947746495,0.776270284650173,0.6232670283303196,0.8972019464720195,0.75,0.7958860759493672,0.75
RandomForestClassifier,"{'max_depth': [3, 5, 7, 9, 11], 'criterion': ['gini', 'entropy', 'log_loss']}","{'criterion': 'log_loss', 'max_depth': 9}",RobustScaler,UnderSampler,passthrough,0.9746835443037974,0.8603351955307262,0.913946587537092,0.40476190476190477,0.8095238095238095,0.5396825396825397,0.6897227245328511,0.8349295025272678,0.7268145636098158,0.9148417721518988,0.855,0.8746488625123641,0.855
RandomForestClassifier,"{'max_depth': [3, 5, 7, 9, 11], 'criterion': ['gini', 'entropy', 'log_loss']}","{'criterion': 'gini', 'max_depth': 11}",RobustScaler,passtrough,KMeans,0.917098445595855,0.9888268156424581,0.9516129032258065,0.7142857142857143,0.23809523809523808,0.35714285714285715,0.8156920799407846,0.6134610268688481,0.6543778801843319,0.8958031088082902,0.91,0.8891935483870967,0.91
RandomForestClassifier,"{'max_depth': [3, 5, 7, 9, 11], 'criterion': ['gini', 'entropy', 'log_loss']}","{'criterion': 'log_loss', 'max_depth': 11}",RobustScaler,passtrough,passthrough,0.9621621621621622,0.994413407821229,0.9780219780219781,0.9333333333333333,0.6666666666666666,0.7777777777777778,0.9477477477477478,0.8305400372439478,0.8778998778998779,0.9591351351351353,0.96,0.9569963369963371,0.96
RandomForestClassifier,"{'max_depth': [3, 5, 7, 9, 11], 'criterion': ['gini', 'entropy', 'log_loss']}","{'criterion': 'entropy', 'max_depth': 7}",MaxAbsScaler,OverSampler,KMeans,0.9308176100628931,0.8268156424581006,0.8757396449704142,0.24390243902439024,0.47619047619047616,0.3225806451612903,0.5873600245436417,0.6515030593242883,0.5991601450658522,0.8586915171038503,0.79,0.8176579499904563,0.79
RandomForestClassifier,"{'max_depth': [3, 5, 7, 9, 11], 'criterion': ['gini', 'entropy', 'log_loss']}","{'criterion': 'gini', 'max_depth': 11}",MaxAbsScaler,OverSampler,passthrough,0.9775280898876404,0.9720670391061452,0.9747899159663864,0.7727272727272727,0.8095238095238095,0.7906976744186046,0.8751276813074566,0.8907954243149774,0.8827437951924955,0.9560240040858018,0.955,0.9554602306038693,0.955
RandomForestClassifier,"{'max_depth': [3, 5, 7, 9, 11], 'criterion': ['gini', 'entropy', 'log_loss']}","{'criterion': 'entropy', 'max_depth': 7}",MaxAbsScaler,UnderSampler,KMeans,0.9421487603305785,0.6368715083798883,0.76,0.17721518987341772,0.6666666666666666,0.28,0.5596819751019981,0.6517690875232774,0.52,0.8618307354325766,0.64,0.7095999999999999,0.64
RandomForestClassifier,"{'max_depth': [3, 5, 7, 9, 11], 'criterion': ['gini', 'entropy', 'log_loss']}","{'criterion': 'log_loss', 'max_depth': 9}",MaxAbsScaler,UnderSampler,passthrough,0.9748427672955975,0.8659217877094972,0.9171597633136095,0.4146341463414634,0.8095238095238095,0.5483870967741935,0.6947384568185304,0.8377227986166533,0.7327734300439015,0.9160208620954134,0.86,0.8784386333269708,0.86
RandomForestClassifier,"{'max_depth': [3, 5, 7, 9, 11], 'criterion': ['gini', 'entropy', 'log_loss']}","{'criterion': 'log_loss', 'max_depth': 11}",MaxAbsScaler,passtrough,KMeans,0.9076923076923077,0.9888268156424581,0.946524064171123,0.6,0.14285714285714285,0.23076923076923073,0.7538461538461538,0.5658419792498005,0.5886466474701768,0.8753846153846153,0.9,0.8713698066639243,0.9
RandomForestClassifier,"{'max_depth': [3, 5, 7, 9, 11], 'criterion': ['gini', 'entropy', 'log_loss']}","{'criterion': 'gini', 'max_depth': 11}",MaxAbsScaler,passtrough,passthrough,0.9621621621621622,0.994413407821229,0.9780219780219781,0.9333333333333333,0.6666666666666666,0.7777777777777778,0.9477477477477478,0.8305400372439478,0.8778998778998779,0.9591351351351353,0.96,0.9569963369963371,0.96
GaussianNB,"{'var_smoothing': [1e-09, 1e-08, 1e-07, 1e-06]}",{'var_smoothing': 1e-09},StandardScaler,OverSampler,KMeans,0.9689922480620154,0.6983240223463687,0.8116883116883116,0.23943661971830985,0.8095238095238095,0.3695652173913044,0.6042144338901626,0.7539239159350891,0.590626764539808,0.8923889070859263,0.71,0.7652653867871259,0.71
GaussianNB,"{'var_smoothing': [1e-09, 1e-08, 1e-07, 1e-06]}",{'var_smoothing': 1e-08},StandardScaler,OverSampler,passthrough,0.9636363636363636,0.888268156424581,0.9244186046511628,0.42857142857142855,0.7142857142857143,0.5357142857142858,0.6961038961038961,0.8012769353551477,0.7300664451827243,0.9074545454545455,0.87,0.8836046511627907,0.87
GaussianNB,"{'var_smoothing': [1e-09, 1e-08, 1e-07, 1e-06]}",{'var_smoothing': 1e-09},StandardScaler,UnderSampler,KMeans,0.96875,0.6927374301675978,0.8078175895765474,0.2361111111111111,0.8095238095238095,0.3655913978494623,0.6024305555555556,0.7511306198457037,0.5867044937130048,0.8918229166666667,0.705,0.7613838394452034,0.705
GaussianNB,"{'var_smoothing': [1e-09, 1e-08, 1e-07, 1e-06]}",{'var_smoothing': 1e-06},StandardScaler,UnderSampler,passthrough,0.9631901840490797,0.8770949720670391,0.9181286549707602,0.40540540540540543,0.7142857142857143,0.5172413793103449,0.6842977947272426,0.7956903431763767,0.7176850171405526,0.904622782291494,0.86,0.8760354910264166,0.86
GaussianNB,"{'var_smoothing': [1e-09, 1e-08, 1e-07, 1e-06]}",{'var_smoothing': 1e-09},StandardScaler,passtrough,KMeans,0.917098445595855,0.9888268156424581,0.9516129032258065,0.7142857142857143,0.23809523809523808,0.35714285714285715,0.8156920799407846,0.6134610268688481,0.6543778801843319,0.8958031088082902,0.91,0.8891935483870967,0.91
GaussianNB,"{'var_smoothing': [1e-09, 1e-08, 1e-07, 1e-06]}",{'var_smoothing': 1e-09},StandardScaler,passtrough,passthrough,0.9411764705882353,0.8938547486033519,0.9169054441260744,0.36666666666666664,0.5238095238095238,0.4313725490196078,0.653921568627451,0.7088321362064378,0.6741389965728412,0.8808529411764705,0.855,0.8659244901398955,0.855
GaussianNB,"{'var_smoothing': [1e-09, 1e-08, 1e-07, 1e-06]}",{'var_smoothing': 1e-09},MinMaxScaler,OverSampler,KMeans,0.9239130434782609,0.4748603351955307,0.6273062730627306,0.12962962962962962,0.6666666666666666,0.21705426356589147,0.5267713365539453,0.5707635009310987,0.422180268314311,0.8405132850241546,0.495,0.5842298120655625,0.495
GaussianNB,"{'var_smoothing': [1e-09, 1e-08, 1e-07, 1e-06]}",{'var_smoothing': 1e-06},MinMaxScaler,OverSampler,passthrough,0.9636363636363636,0.888268156424581,0.9244186046511628,0.42857142857142855,0.7142857142857143,0.5357142857142858,0.6961038961038961,0.8012769353551477,0.7300664451827243,0.9074545454545455,0.87,0.8836046511627907,0.87
GaussianNB,"{'var_smoothing': [1e-09, 1e-08, 1e-07, 1e-06]}",{'var_smoothing': 1e-06},MinMaxScaler,UnderSampler,KMeans,0.9239130434782609,0.4748603351955307,0.6273062730627306,0.12962962962962962,0.6666666666666666,0.21705426356589147,0.5267713365539453,0.5707635009310987,0.422180268314311,0.8405132850241546,0.495,0.5842298120655625,0.495
GaussianNB,"{'var_smoothing': [1e-09, 1e-08, 1e-07, 1e-06]}",{'var_smoothing': 1e-08},MinMaxScaler,UnderSampler,passthrough,0.9640718562874252,0.8994413407821229,0.930635838150289,0.45454545454545453,0.7142857142857143,0.5555555555555556,0.7093086554164398,0.8068635275339187,0.7430956968529223,0.9105715841045182,0.88,0.8912524084778419,0.88
GaussianNB,"{'var_smoothing': [1e-09, 1e-08, 1e-07, 1e-06]}",{'var_smoothing': 1e-09},MinMaxScaler,passtrough,KMeans,0.895,1.0,0.9445910290237467,0.0,0.0,0.0,0.4475,0.5,0.47229551451187335,0.8010250000000001,0.895,0.8454089709762533,0.895
GaussianNB,"{'var_smoothing': [1e-09, 1e-08, 1e-07, 1e-06]}",{'var_smoothing': 1e-09},MinMaxScaler,passtrough,passthrough,0.9411764705882353,0.8938547486033519,0.9169054441260744,0.36666666666666664,0.5238095238095238,0.4313725490196078,0.653921568627451,0.7088321362064378,0.6741389965728412,0.8808529411764705,0.855,0.8659244901398955,0.855
GaussianNB,"{'var_smoothing': [1e-09, 1e-08, 1e-07, 1e-06]}",{'var_smoothing': 1e-07},RobustScaler,OverSampler,KMeans,0.9279279279279279,0.5754189944134078,0.7103448275862069,0.14606741573033707,0.6190476190476191,0.23636363636363636,0.5369976718291325,0.5972333067305134,0.4733542319749216,0.8458325741471807,0.58,0.6605768025078369,0.58
GaussianNB,"{'var_smoothing': [1e-09, 1e-08, 1e-07, 1e-06]}",{'var_smoothing': 1e-06},RobustScaler,OverSampler,passthrough,0.9636363636363636,0.888268156424581,0.9244186046511628,0.42857142857142855,0.7142857142857143,0.5357142857142858,0.6961038961038961,0.8012769353551477,0.7300664451827243,0.9074545454545455,0.87,0.8836046511627907,0.87
GaussianNB,"{'var_smoothing': [1e-09, 1e-08, 1e-07, 1e-06]}",{'var_smoothing': 1e-08},RobustScaler,UnderSampler,KMeans,0.9339622641509434,0.553072625698324,0.6947368421052631,0.14893617021276595,0.6666666666666666,0.2434782608695652,0.5414492171818547,0.6098696461824953,0.4691075514874141,0.8515345242874348,0.565,0.6473546910755148,0.565
GaussianNB,"{'var_smoothing': [1e-09, 1e-08, 1e-07, 1e-06]}",{'var_smoothing': 1e-09},RobustScaler,UnderSampler,passthrough,0.9195402298850575,0.8938547486033519,0.9065155807365438,0.2692307692307692,0.3333333333333333,0.2978723404255319,0.5943854995579133,0.6135940409683426,0.6021939605810378,0.8512577365163573,0.835,0.8426080405038876,0.835
GaussianNB,"{'var_smoothing': [1e-09, 1e-08, 1e-07, 1e-06]}",{'var_smoothing': 1e-09},RobustScaler,passtrough,KMeans,0.895,1.0,0.9445910290237467,0.0,0.0,0.0,0.4475,0.5,0.47229551451187335,0.8010250000000001,0.895,0.8454089709762533,0.895
GaussianNB,"{'var_smoothing': [1e-09, 1e-08, 1e-07, 1e-06]}",{'var_smoothing': 1e-09},RobustScaler,passtrough,passthrough,0.9411764705882353,0.8938547486033519,0.9169054441260744,0.36666666666666664,0.5238095238095238,0.4313725490196078,0.653921568627451,0.7088321362064378,0.6741389965728412,0.8808529411764705,0.855,0.8659244901398955,0.855
GaussianNB,"{'var_smoothing': [1e-09, 1e-08, 1e-07, 1e-06]}",{'var_smoothing': 1e-09},MaxAbsScaler,OverSampler,KMeans,0.9239130434782609,0.4748603351955307,0.6273062730627306,0.12962962962962962,0.6666666666666666,0.21705426356589147,0.5267713365539453,0.5707635009310987,0.422180268314311,0.8405132850241546,0.495,0.5842298120655625,0.495
GaussianNB,"{'var_smoothing': [1e-09, 1e-08, 1e-07, 1e-06]}",{'var_smoothing': 1e-07},MaxAbsScaler,OverSampler,passthrough,0.9636363636363636,0.888268156424581,0.9244186046511628,0.42857142857142855,0.7142857142857143,0.5357142857142858,0.6961038961038961,0.8012769353551477,0.7300664451827243,0.9074545454545455,0.87,0.8836046511627907,0.87
GaussianNB,"{'var_smoothing': [1e-09, 1e-08, 1e-07, 1e-06]}",{'var_smoothing': 1e-09},MaxAbsScaler,UnderSampler,KMeans,0.900990099009901,0.5083798882681564,0.65,0.1111111111111111,0.5238095238095238,0.18333333333333332,0.506050605060506,0.5160947060388401,0.4166666666666667,0.8180528052805282,0.51,0.601,0.51
GaussianNB,"{'var_smoothing': [1e-09, 1e-08, 1e-07, 1e-06]}",{'var_smoothing': 1e-08},MaxAbsScaler,UnderSampler,passthrough,0.9631901840490797,0.8770949720670391,0.9181286549707602,0.40540540540540543,0.7142857142857143,0.5172413793103449,0.6842977947272426,0.7956903431763767,0.7176850171405526,0.904622782291494,0.86,0.8760354910264166,0.86
GaussianNB,"{'var_smoothing': [1e-09, 1e-08, 1e-07, 1e-06]}",{'var_smoothing': 1e-09},MaxAbsScaler,passtrough,KMeans,0.895,1.0,0.9445910290237467,0.0,0.0,0.0,0.4475,0.5,0.47229551451187335,0.8010250000000001,0.895,0.8454089709762533,0.895
GaussianNB,"{'var_smoothing': [1e-09, 1e-08, 1e-07, 1e-06]}",{'var_smoothing': 1e-09},MaxAbsScaler,passtrough,passthrough,0.9411764705882353,0.8938547486033519,0.9169054441260744,0.36666666666666664,0.5238095238095238,0.4313725490196078,0.653921568627451,0.7088321362064378,0.6741389965728412,0.8808529411764705,0.855,0.8659244901398955,0.855
MLPClassifier,{'max_iter': [5000]},{'max_iter': 5000},StandardScaler,OverSampler,KMeans,0.9782608695652174,0.7541899441340782,0.8517350157728708,0.2903225806451613,0.8571428571428571,0.43373493975903615,0.6342917251051894,0.8056664006384677,0.6427349777659535,0.9060273492286115,0.765,0.8078450077914181,0.765
MLPClassifier,{'max_iter': [5000]},{'max_iter': 5000},StandardScaler,OverSampler,passthrough,0.9715909090909091,0.9553072625698324,0.9633802816901408,0.6666666666666666,0.7619047619047619,0.7111111111111111,0.8191287878787878,0.8586060122372972,0.837245696400626,0.9395738636363636,0.935,0.9368920187793427,0.935
MLPClassifier,{'max_iter': [5000]},{'max_iter': 5000},StandardScaler,UnderSampler,KMeans,0.9858156028368794,0.776536312849162,0.86875,0.3220338983050847,0.9047619047619048,0.47500000000000003,0.6539247505709821,0.8406491088055335,0.671875,0.9161185238610411,0.79,0.8274062499999999,0.79
MLPClassifier,{'max_iter': [5000]},{'max_iter': 5000},StandardScaler,UnderSampler,passthrough,0.9868421052631579,0.8379888268156425,0.9063444108761329,0.3958333333333333,0.9047619047619048,0.5507246376811594,0.6913377192982456,0.8713753657887736,0.7285345242786462,0.9247861842105263,0.845,0.8690043346906607,0.845
MLPClassifier,{'max_iter': [5000]},{'max_iter': 5000},StandardScaler,passtrough,KMeans,0.9315789473684211,0.9888268156424581,0.9593495934959351,0.8,0.38095238095238093,0.5161290322580645,0.8657894736842106,0.6848895982974195,0.7377393128769998,0.9177631578947368,0.925,0.9128114345659587,0.925
MLPClassifier,{'max_iter': [5000]},{'max_iter': 5000},StandardScaler,passtrough,passthrough,0.9505494505494505,0.9664804469273743,0.9584487534626039,0.6666666666666666,0.5714285714285714,0.6153846153846153,0.8086080586080586,0.7689545091779728,0.7869166844236096,0.9207417582417583,0.925,0.9224270189644151,0.925
MLPClassifier,{'max_iter': [5000]},{'max_iter': 5000},MinMaxScaler,OverSampler,KMeans,0.9323308270676691,0.6927374301675978,0.7948717948717948,0.1791044776119403,0.5714285714285714,0.2727272727272727,0.5557176523398047,0.6320830007980847,0.5337995337995338,0.8532420603748175,0.68,0.7400466200466199,0.68
MLPClassifier,{'max_iter': [5000]},{'max_iter': 5000},MinMaxScaler,OverSampler,passthrough,0.963855421686747,0.8938547486033519,0.9275362318840579,0.4411764705882353,0.7142857142857143,0.5454545454545455,0.7025159461374911,0.8040702314445332,0.7364953886693018,0.9089741318214031,0.875,0.8874176548089591,0.875
MLPClassifier,{'max_iter': [5000]},{'max_iter': 5000},MinMaxScaler,UnderSampler,KMeans,0.9299363057324841,0.8156424581005587,0.8690476190476192,0.23255813953488372,0.47619047619047616,0.3125,0.5812472226336839,0.6459164671455174,0.5907738095238095,0.856711598281736,0.78,0.8106101190476191,0.78
MLPClassifier,{'max_iter': [5000]},{'max_iter': 5000},MinMaxScaler,UnderSampler,passthrough,0.9681528662420382,0.8491620111731844,0.9047619047619048,0.37209302325581395,0.7619047619047619,0.5,0.6701229447489261,0.8055333865389731,0.7023809523809523,0.9055665827284847,0.84,0.8622619047619048,0.84
MLPClassifier,{'max_iter': [5000]},{'max_iter': 5000},MinMaxScaler,passtrough,KMeans,0.895,1.0,0.9445910290237467,0.0,0.0,0.0,0.4475,0.5,0.47229551451187335,0.8010250000000001,0.895,0.8454089709762533,0.895
MLPClassifier,{'max_iter': [5000]},{'max_iter': 5000},MinMaxScaler,passtrough,passthrough,0.9619565217391305,0.9888268156424581,0.9752066115702479,0.875,0.6666666666666666,0.7567567567567567,0.9184782608695652,0.8277467411545624,0.8659816841635023,0.9528260869565217,0.955,0.9522693768148314,0.955
MLPClassifier,{'max_iter': [5000]},{'max_iter': 5000},RobustScaler,OverSampler,KMeans,0.961038961038961,0.8268156424581006,0.8888888888888888,0.32608695652173914,0.7142857142857143,0.4477611940298507,0.6435629587803501,0.7705506783719074,0.6683250414593698,0.8943690005646527,0.815,0.8425704809286898,0.815
MLPClassifier,{'max_iter': [5000]},{'max_iter': 5000},RobustScaler,OverSampler,passthrough,0.9555555555555556,0.9608938547486033,0.958217270194986,0.65,0.6190476190476191,0.6341463414634146,0.8027777777777778,0.7899707368981113,0.7961818058292003,0.9234722222222222,0.925,0.924189822678171,0.925
MLPClassifier,{'max_iter': [5000]},{'max_iter': 5000},RobustScaler,UnderSampler,KMeans,0.9612903225806452,0.8324022346368715,0.8922155688622755,0.3333333333333333,0.7142857142857143,0.4545454545454545,0.6473118279569893,0.7733439744612929,0.6733805117038649,0.8953548387096774,0.82,0.8462602068590093,0.82
MLPClassifier,{'max_iter': [5000]},{'max_iter': 5000},RobustScaler,UnderSampler,passthrough,0.9869281045751634,0.8435754189944135,0.9096385542168676,0.40425531914893614,0.9047619047619048,0.5588235294117647,0.6955917118620498,0.8741686618781591,0.7342310418143161,0.9257474621054097,0.85,0.8728029766123317,0.85
MLPClassifier,{'max_iter': [5000]},{'max_iter': 5000},RobustScaler,passtrough,KMeans,0.8994974874371859,1.0,0.9470899470899471,1.0,0.047619047619047616,0.0909090909090909,0.949748743718593,0.5238095238095238,0.518999518999519,0.9100502512562814,0.9,0.8571909571909572,0.9
MLPClassifier,{'max_iter': [5000]},{'max_iter': 5000},RobustScaler,passtrough,passthrough,0.9560439560439561,0.9720670391061452,0.96398891966759,0.7222222222222222,0.6190476190476191,0.6666666666666666,0.8391330891330891,0.7955573290768821,0.8153277931671283,0.931492673992674,0.935,0.9327700831024931,0.935
MLPClassifier,{'max_iter': [5000]},{'max_iter': 5000},MaxAbsScaler,OverSampler,KMeans,0.9337748344370861,0.7877094972067039,0.8545454545454545,0.22448979591836735,0.5238095238095238,0.3142857142857143,0.5791323151777267,0.6557595105081139,0.5844155844155844,0.8592999053926207,0.76,0.7978181818181818,0.76
MLPClassifier,{'max_iter': [5000]},{'max_iter': 5000},MaxAbsScaler,OverSampler,passthrough,0.9698795180722891,0.8994413407821229,0.9333333333333333,0.47058823529411764,0.7619047619047619,0.5818181818181817,0.7202338766832034,0.8306730513434424,0.7575757575757576,0.9174539333805811,0.885,0.8964242424242425,0.885
MLPClassifier,{'max_iter': [5000]},{'max_iter': 5000},MaxAbsScaler,UnderSampler,KMeans,0.9365079365079365,0.659217877094972,0.7737704918032786,0.17567567567567569,0.6190476190476191,0.2736842105263158,0.5560918060918061,0.6391327480712956,0.5237273511647972,0.8566205491205491,0.655,0.7212614322691975,0.655
MLPClassifier,{'max_iter': [5000]},{'max_iter': 5000},MaxAbsScaler,UnderSampler,passthrough,0.9865771812080537,0.8212290502793296,0.8963414634146342,0.37254901960784315,0.9047619047619048,0.5277777777777779,0.6795631004079484,0.8629954775206172,0.712059620596206,0.9221042242400316,0.83,0.8576422764227642,0.83
MLPClassifier,{'max_iter': [5000]},{'max_iter': 5000},MaxAbsScaler,passtrough,KMeans,0.895,1.0,0.9445910290237467,0.0,0.0,0.0,0.4475,0.5,0.47229551451187335,0.8010250000000001,0.895,0.8454089709762533,0.895
MLPClassifier,{'max_iter': [5000]},{'max_iter': 5000},MaxAbsScaler,passtrough,passthrough,0.9617486338797814,0.9832402234636871,0.9723756906077347,0.8235294117647058,0.6666666666666666,0.7368421052631577,0.8926390228222436,0.8249534450651769,0.8546088979354463,0.9472356155576983,0.95,0.947644664146554,0.95
GradientBoostingClassifier,"{'n_estimators': [100, 200, 300, 400, 500]}",{'n_estimators': 200},StandardScaler,OverSampler,KMeans,0.9497206703910615,0.9497206703910615,0.9497206703910615,0.5714285714285714,0.5714285714285714,0.5714285714285714,0.7605746209098164,0.7605746209098164,0.7605746209098164,0.91,0.91,0.91,0.91
GradientBoostingClassifier,"{'n_estimators': [100, 200, 300, 400, 500]}",{'n_estimators': 500},StandardScaler,OverSampler,passthrough,0.9668508287292817,0.9776536312849162,0.9722222222222221,0.7894736842105263,0.7142857142857143,0.7500000000000001,0.8781622564699041,0.8459696727853152,0.8611111111111112,0.9482262285548124,0.95,0.9488888888888887,0.95
GradientBoostingClassifier,"{'n_estimators': [100, 200, 300, 400, 500]}",{'n_estimators': 400},StandardScaler,UnderSampler,KMeans,0.9795918367346939,0.8044692737430168,0.8834355828220859,0.33962264150943394,0.8571428571428571,0.48648648648648646,0.6596072391220639,0.830806065442937,0.6849610346542861,0.9123950712360416,0.81,0.841755927706848,0.81
GradientBoostingClassifier,"{'n_estimators': [100, 200, 300, 400, 500]}",{'n_estimators': 100},StandardScaler,UnderSampler,passthrough,0.9870967741935484,0.8547486033519553,0.9161676646706587,0.4222222222222222,0.9047619047619048,0.5757575757575758,0.7046594982078853,0.87975525405693,0.7459626202141172,0.9277849462365592,0.86,0.8804246053347851,0.86
GradientBoostingClassifier,"{'n_estimators': [100, 200, 300, 400, 500]}",{'n_estimators': 200},StandardScaler,passtrough,KMeans,0.9368421052631579,0.994413407821229,0.964769647696477,0.9,0.42857142857142855,0.5806451612903225,0.918421052631579,0.7114924181963288,0.7727074044933997,0.9329736842105264,0.935,0.9244365766238307,0.935
GradientBoostingClassifier,"{'n_estimators': [100, 200, 300, 400, 500]}",{'n_estimators': 200},StandardScaler,passtrough,passthrough,0.967032967032967,0.9832402234636871,0.9750692520775622,0.8333333333333334,0.7142857142857143,0.7692307692307692,0.9001831501831502,0.8487629688747007,0.8721500106541658,0.9529945054945056,0.955,0.953456211378649,0.955
GradientBoostingClassifier,"{'n_estimators': [100, 200, 300, 400, 500]}",{'n_estimators': 200},MinMaxScaler,OverSampler,KMeans,0.9209039548022598,0.9106145251396648,0.9157303370786517,0.30434782608695654,0.3333333333333333,0.31818181818181823,0.6126258904446082,0.6219739292364991,0.616956077630235,0.856165561287153,0.85,0.8529877425944842,0.85
GradientBoostingClassifier,"{'n_estimators': [100, 200, 300, 400, 500]}",{'n_estimators': 400},MinMaxScaler,OverSampler,passthrough,0.9720670391061452,0.9720670391061452,0.9720670391061452,0.7619047619047619,0.7619047619047619,0.7619047619047619,0.8669859005054535,0.8669859005054535,0.8669859005054535,0.95,0.95,0.95,0.95
GradientBoostingClassifier,"{'n_estimators': [100, 200, 300, 400, 500]}",{'n_estimators': 400},MinMaxScaler,UnderSampler,KMeans,0.9174311926605505,0.5586592178770949,0.6944444444444445,0.13186813186813187,0.5714285714285714,0.21428571428571427,0.5246496622643412,0.5650438946528331,0.4543650793650794,0.8349470712773466,0.56,0.6440277777777779,0.56
GradientBoostingClassifier,"{'n_estimators': [100, 200, 300, 400, 500]}",{'n_estimators': 300},MinMaxScaler,UnderSampler,passthrough,0.987012987012987,0.8491620111731844,0.912912912912913,0.41304347826086957,0.9047619047619048,0.5671641791044776,0.7000282326369283,0.8769619579675445,0.7400385460086953,0.9267461885940146,0.855,0.8766092958630273,0.855
GradientBoostingClassifier,"{'n_estimators': [100, 200, 300, 400, 500]}",{'n_estimators': 400},MinMaxScaler,passtrough,KMeans,0.9086021505376344,0.9441340782122905,0.9260273972602738,0.2857142857142857,0.19047619047619047,0.22857142857142854,0.59715821812596,0.5673051343442405,0.5772994129158512,0.8431989247311827,0.865,0.8527945205479451,0.865
GradientBoostingClassifier,"{'n_estimators': [100, 200, 300, 400, 500]}",{'n_estimators': 200},MinMaxScaler,passtrough,passthrough,0.967032967032967,0.9832402234636871,0.9750692520775622,0.8333333333333334,0.7142857142857143,0.7692307692307692,0.9001831501831502,0.8487629688747007,0.8721500106541658,0.9529945054945056,0.955,0.953456211378649,0.955
GradientBoostingClassifier,"{'n_estimators': [100, 200, 300, 400, 500]}",{'n_estimators': 300},RobustScaler,OverSampler,KMeans,0.9293478260869565,0.9553072625698324,0.9421487603305785,0.5,0.38095238095238093,0.4324324324324324,0.7146739130434783,0.6681298217611067,0.6872905963815055,0.884266304347826,0.895,0.8886285459012732,0.895
GradientBoostingClassifier,"{'n_estimators': [100, 200, 300, 400, 500]}",{'n_estimators': 100},RobustScaler,OverSampler,passthrough,0.9825581395348837,0.9441340782122905,0.9629629629629629,0.6428571428571429,0.8571428571428571,0.7346938775510204,0.8127076411960132,0.9006384676775738,0.8488284202569917,0.946889534883721,0.935,0.9389947089947088,0.935
GradientBoostingClassifier,"{'n_estimators': [100, 200, 300, 400, 500]}",{'n_estimators': 100},RobustScaler,UnderSampler,KMeans,0.9666666666666667,0.8100558659217877,0.8814589665653496,0.32,0.7619047619047619,0.4507042253521127,0.6433333333333333,0.7859803139132748,0.6660815959587312,0.8987666666666666,0.805,0.8362297187379597,0.805
GradientBoostingClassifier,"{'n_estimators': [100, 200, 300, 400, 500]}",{'n_estimators': 400},RobustScaler,UnderSampler,passthrough,0.9872611464968153,0.8659217877094972,0.9226190476190476,0.4418604651162791,0.9047619047619048,0.59375,0.7145608058065471,0.885341846235701,0.7581845238095237,0.9299940749518589,0.87,0.8880877976190475,0.87
GradientBoostingClassifier,"{'n_estimators': [100, 200, 300, 400, 500]}",{'n_estimators': 500},RobustScaler,passtrough,KMeans,0.9109947643979057,0.9720670391061452,0.9405405405405405,0.4444444444444444,0.19047619047619047,0.26666666666666666,0.6777196044211751,0.5812716147911678,0.6036036036036035,0.8620069808027924,0.89,0.8697837837837836,0.89
GradientBoostingClassifier,"{'n_estimators': [100, 200, 300, 400, 500]}",{'n_estimators': 200},RobustScaler,passtrough,passthrough,0.967032967032967,0.9832402234636871,0.9750692520775622,0.8333333333333334,0.7142857142857143,0.7692307692307692,0.9001831501831502,0.8487629688747007,0.8721500106541658,0.9529945054945056,0.955,0.953456211378649,0.955
GradientBoostingClassifier,"{'n_estimators': [100, 200, 300, 400, 500]}",{'n_estimators': 100},MaxAbsScaler,OverSampler,KMeans,0.9085365853658537,0.8324022346368715,0.8688046647230321,0.16666666666666666,0.2857142857142857,0.2105263157894737,0.5376016260162602,0.5590582601755786,0.5396654902562529,0.830640243902439,0.775,0.7996854380850086,0.775
GradientBoostingClassifier,"{'n_estimators': [100, 200, 300, 400, 500]}",{'n_estimators': 100},MaxAbsScaler,OverSampler,passthrough,0.9883720930232558,0.9497206703910615,0.9686609686609686,0.6785714285714286,0.9047619047619048,0.7755102040816326,0.8334717607973422,0.927241287576483,0.8720855863713006,0.9558430232558139,0.945,0.9483801383801383,0.945
GradientBoostingClassifier,"{'n_estimators': [100, 200, 300, 400, 500]}",{'n_estimators': 100},MaxAbsScaler,UnderSampler,KMeans,0.944,0.659217877094972,0.7763157894736842,0.18666666666666668,0.6666666666666666,0.2916666666666667,0.5653333333333334,0.6629422718808193,0.5339912280701754,0.8644799999999999,0.66,0.7254276315789474,0.66
GradientBoostingClassifier,"{'n_estimators': [100, 200, 300, 400, 500]}",{'n_estimators': 300},MaxAbsScaler,UnderSampler,passthrough,0.9859154929577465,0.7821229050279329,0.8722741433021807,0.3275862068965517,0.9047619047619048,0.48101265822784806,0.656750849927149,0.8434424048949188,0.6766434007650144,0.916790917921321,0.795,0.8311916873693757,0.795
GradientBoostingClassifier,"{'n_estimators': [100, 200, 300, 400, 500]}",{'n_estimators': 500},MaxAbsScaler,passtrough,KMeans,0.9047619047619048,0.9553072625698324,0.9293478260869565,0.2727272727272727,0.14285714285714285,0.18749999999999997,0.5887445887445888,0.5490822027134876,0.5584239130434783,0.8383982683982684,0.87,0.8514538043478261,0.87
GradientBoostingClassifier,"{'n_estimators': [100, 200, 300, 400, 500]}",{'n_estimators': 200},MaxAbsScaler,passtrough,passthrough,0.967032967032967,0.9832402234636871,0.9750692520775622,0.8333333333333334,0.7142857142857143,0.7692307692307692,0.9001831501831502,0.8487629688747007,0.8721500106541658,0.9529945054945056,0.955,0.953456211378649,0.955
AdaBoostClassifier,"{'n_estimators': [100, 200, 300, 400, 500]}",{'n_estimators': 400},StandardScaler,OverSampler,KMeans,0.9404761904761905,0.88268156424581,0.9106628242074927,0.34375,0.5238095238095238,0.4150943396226415,0.6421130952380952,0.7032455440276669,0.6628785819150671,0.8778199404761905,0.845,0.8586281333260832,0.845
AdaBoostClassifier,"{'n_estimators': [100, 200, 300, 400, 500]}",{'n_estimators': 500},StandardScaler,OverSampler,passthrough,0.9722222222222222,0.9776536312849162,0.9749303621169918,0.8,0.7619047619047619,0.7804878048780488,0.8861111111111111,0.869779196594839,0.8777090834975203,0.9541388888888889,0.955,0.9545138936069029,0.955
AdaBoostClassifier,"{'n_estimators': [100, 200, 300, 400, 500]}",{'n_estimators': 200},StandardScaler,UnderSampler,KMeans,0.971830985915493,0.770949720670391,0.8598130841121496,0.29310344827586204,0.8095238095238095,0.430379746835443,0.6324672170956775,0.7902367650971003,0.6450964154737964,0.9005645944633318,0.775,0.8147225836980954,0.775
AdaBoostClassifier,"{'n_estimators': [100, 200, 300, 400, 500]}",{'n_estimators': 100},StandardScaler,UnderSampler,passthrough,0.9870967741935484,0.8547486033519553,0.9161676646706587,0.4222222222222222,0.9047619047619048,0.5757575757575758,0.7046594982078853,0.87975525405693,0.7459626202141172,0.9277849462365592,0.86,0.8804246053347851,0.86
AdaBoostClassifier,"{'n_estimators': [100, 200, 300, 400, 500]}",{'n_estimators': 200},StandardScaler,passtrough,KMeans,0.9263157894736842,0.9832402234636871,0.9539295392953928,0.7,0.3333333333333333,0.45161290322580644,0.8131578947368421,0.6582867783985102,0.7027712212605997,0.9025526315789473,0.915,0.9011862925080862,0.915
AdaBoostClassifier,"{'n_estimators': [100, 200, 300, 400, 500]}",{'n_estimators': 500},StandardScaler,passtrough,passthrough,0.9725274725274725,0.9888268156424581,0.9806094182825486,0.8888888888888888,0.7619047619047619,0.8205128205128205,0.9307081807081807,0.8753657887736099,0.9005611193976846,0.9637454212454212,0.965,0.9637992755167271,0.965
AdaBoostClassifier,"{'n_estimators': [100, 200, 300, 400, 500]}",{'n_estimators': 300},MinMaxScaler,OverSampler,KMeans,0.9176470588235294,0.8715083798882681,0.8939828080229225,0.23333333333333334,0.3333333333333333,0.27450980392156865,0.5754901960784313,0.6024208566108007,0.5842463059722456,0.8457941176470588,0.815,0.8289381425922804,0.815
AdaBoostClassifier,"{'n_estimators': [100, 200, 300, 400, 500]}",{'n_estimators': 100},MinMaxScaler,OverSampler,passthrough,0.9830508474576272,0.9720670391061452,0.9775280898876404,0.782608695652174,0.8571428571428571,0.8181818181818182,0.8828297715549005,0.9146049481245011,0.8978549540347294,0.9620044215180547,0.96,0.9607967313585292,0.96
AdaBoostClassifier,"{'n_estimators': [100, 200, 300, 400, 500]}",{'n_estimators': 100},MinMaxScaler,UnderSampler,KMeans,0.9140625,0.6536312849162011,0.762214983713355,0.1388888888888889,0.47619047619047616,0.2150537634408602,0.5264756944444444,0.5649108805533387,0.4886343735771076,0.8326692708333333,0.635,0.7047630555847431,0.635
AdaBoostClassifier,"{'n_estimators': [100, 200, 300, 400, 500]}",{'n_estimators': 200},MinMaxScaler,UnderSampler,passthrough,0.9877300613496932,0.8994413407821229,0.9415204678362573,0.5135135135135135,0.9047619047619048,0.6551724137931034,0.7506217874316033,0.9021016227720138,0.7983464408146803,0.9379373238268943,0.9,0.911453922161726,0.9
AdaBoostClassifier,"{'n_estimators': [100, 200, 300, 400, 500]}",{'n_estimators': 300},MinMaxScaler,passtrough,KMeans,0.91005291005291,0.9608938547486033,0.9347826086956522,0.36363636363636365,0.19047619047619047,0.25,0.6368446368446368,0.5756850226123968,0.5923913043478262,0.8526791726791726,0.88,0.8628804347826088,0.88
AdaBoostClassifier,"{'n_estimators': [100, 200, 300, 400, 500]}",{'n_estimators': 500},MinMaxScaler,passtrough,passthrough,0.9725274725274725,0.9888268156424581,0.9806094182825486,0.8888888888888888,0.7619047619047619,0.8205128205128205,0.9307081807081807,0.8753657887736099,0.9005611193976846,0.9637454212454212,0.965,0.9637992755167271,0.965
AdaBoostClassifier,"{'n_estimators': [100, 200, 300, 400, 500]}",{'n_estimators': 300},RobustScaler,OverSampler,KMeans,0.9257142857142857,0.9050279329608939,0.9152542372881357,0.32,0.38095238095238093,0.34782608695652173,0.6228571428571429,0.6429901569566374,0.6315401621223287,0.8621142857142857,0.85,0.8556742815033164,0.85
AdaBoostClassifier,"{'n_estimators': [100, 200, 300, 400, 500]}",{'n_estimators': 100},RobustScaler,OverSampler,passthrough,0.9830508474576272,0.9720670391061452,0.9775280898876404,0.782608695652174,0.8571428571428571,0.8181818181818182,0.8828297715549005,0.9146049481245011,0.8978549540347294,0.9620044215180547,0.96,0.9607967313585292,0.96
AdaBoostClassifier,"{'n_estimators': [100, 200, 300, 400, 500]}",{'n_estimators': 400},RobustScaler,UnderSampler,KMeans,0.9703703703703703,0.7318435754189944,0.8343949044585987,0.26153846153846155,0.8095238095238095,0.39534883720930236,0.6159544159544159,0.770683692471402,0.6148718708339505,0.8959430199430198,0.74,0.7882950673974224,0.74
AdaBoostClassifier,"{'n_estimators': [100, 200, 300, 400, 500]}",{'n_estimators': 400},RobustScaler,UnderSampler,passthrough,0.9935064935064936,0.8547486033519553,0.9189189189189191,0.43478260869565216,0.9523809523809523,0.5970149253731344,0.7141445511010729,0.9035647778664538,0.7579669221460268,0.9348404856013552,0.865,0.8851189995966117,0.865
AdaBoostClassifier,"{'n_estimators': [100, 200, 300, 400, 500]}",{'n_estimators': 200},RobustScaler,passtrough,KMeans,0.9144385026737968,0.9553072625698324,0.9344262295081966,0.38461538461538464,0.23809523809523808,0.2941176470588235,0.6495269436445907,0.5967012503325353,0.61427193828351,0.8588070752776634,0.88,0.8671938283510126,0.88
AdaBoostClassifier,"{'n_estimators': [100, 200, 300, 400, 500]}",{'n_estimators': 500},RobustScaler,passtrough,passthrough,0.9725274725274725,0.9888268156424581,0.9806094182825486,0.8888888888888888,0.7619047619047619,0.8205128205128205,0.9307081807081807,0.8753657887736099,0.9005611193976846,0.9637454212454212,0.965,0.9637992755167271,0.965
AdaBoostClassifier,"{'n_estimators': [100, 200, 300, 400, 500]}",{'n_estimators': 300},MaxAbsScaler,OverSampler,KMeans,0.9212121212121213,0.8491620111731844,0.883720930232558,0.22857142857142856,0.38095238095238093,0.2857142857142857,0.5748917748917749,0.6150571960627826,0.5847176079734219,0.8484848484848486,0.8,0.8209302325581395,0.8
AdaBoostClassifier,"{'n_estimators': [100, 200, 300, 400, 500]}",{'n_estimators': 100},MaxAbsScaler,OverSampler,passthrough,0.9828571428571429,0.9608938547486033,0.9717514124293786,0.72,0.8571428571428571,0.782608695652174,0.8514285714285714,0.9090183559457302,0.8771800540407763,0.9552571428571429,0.95,0.9518914271677721,0.95
AdaBoostClassifier,"{'n_estimators': [100, 200, 300, 400, 500]}",{'n_estimators': 500},MaxAbsScaler,UnderSampler,KMeans,0.9461538461538461,0.6871508379888268,0.7961165048543689,0.2,0.6666666666666666,0.30769230769230765,0.573076923076923,0.6769087523277467,0.5519044062733383,0.8678076923076923,0.685,0.7448319641523524,0.685
AdaBoostClassifier,"{'n_estimators': [100, 200, 300, 400, 500]}",{'n_estimators': 100},MaxAbsScaler,UnderSampler,passthrough,0.9819277108433735,0.9106145251396648,0.9449275362318841,0.5294117647058824,0.8571428571428571,0.6545454545454545,0.755669737774628,0.8838786911412609,0.7997364953886693,0.934413536498937,0.905,0.9144374176548089,0.905
AdaBoostClassifier,"{'n_estimators': [100, 200, 300, 400, 500]}",{'n_estimators': 500},MaxAbsScaler,passtrough,KMeans,0.9047619047619048,0.9553072625698324,0.9293478260869565,0.2727272727272727,0.14285714285714285,0.18749999999999997,0.5887445887445888,0.5490822027134876,0.5584239130434783,0.8383982683982684,0.87,0.8514538043478261,0.87
AdaBoostClassifier,"{'n_estimators': [100, 200, 300, 400, 500]}",{'n_estimators': 500},MaxAbsScaler,passtrough,passthrough,0.9725274725274725,0.9888268156424581,0.9806094182825486,0.8888888888888888,0.7619047619047619,0.8205128205128205,0.9307081807081807,0.8753657887736099,0.9005611193976846,0.9637454212454212,0.965,0.9637992755167271,0.965
XGBClassifier,"{'n_estimators': [100, 500], 'max_depth': [3, 7, 11]}","{'max_depth': 3, 'n_estimators': 100}",StandardScaler,OverSampler,KMeans,0.9428571428571428,0.9217877094972067,0.9322033898305084,0.44,0.5238095238095238,0.4782608695652174,0.6914285714285714,0.7227986166533653,0.705232129697863,0.8900571428571429,0.88,0.8845394252026528,0.88
XGBClassifier,"{'n_estimators': [100, 500], 'max_depth': [3, 7, 11]}","{'max_depth': 11, 'n_estimators': 500}",StandardScaler,OverSampler,passthrough,0.9777777777777777,0.9832402234636871,0.9805013927576602,0.85,0.8095238095238095,0.8292682926829269,0.9138888888888889,0.8963820164937484,0.9048848427202936,0.964361111111111,0.965,0.9646219172498133,0.965
XGBClassifier,"{'n_estimators': [100, 500], 'max_depth': [3, 7, 11]}","{'max_depth': 11, 'n_estimators': 500}",StandardScaler,UnderSampler,KMeans,0.9784172661870504,0.7597765363128491,0.8553459119496855,0.29508196721311475,0.8571428571428571,0.43902439024390244,0.6367496167000826,0.8084596967278531,0.647185151096794,0.9066670597947872,0.77,0.8116321521705783,0.77
XGBClassifier,"{'n_estimators': [100, 500], 'max_depth': [3, 7, 11]}","{'max_depth': 3, 'n_estimators': 100}",StandardScaler,UnderSampler,passthrough,0.9874213836477987,0.8770949720670391,0.9289940828402367,0.4634146341463415,0.9047619047619048,0.6129032258064516,0.7254180088970701,0.890928438414472,0.7709486543233441,0.9324006749501457,0.88,0.8958045428516893,0.88
XGBClassifier,"{'n_estimators': [100, 500], 'max_depth': [3, 7, 11]}","{'max_depth': 3, 'n_estimators': 500}",StandardScaler,passtrough,KMeans,0.9322916666666666,1.0,0.9649595687331537,1.0,0.38095238095238093,0.5517241379310345,0.9661458333333333,0.6904761904761905,0.758341853332094,0.9394010416666666,0.935,0.9215698484989311,0.935
XGBClassifier,"{'n_estimators': [100, 500], 'max_depth': [3, 7, 11]}","{'max_depth': 11, 'n_estimators': 100}",StandardScaler,passtrough,passthrough,0.9777777777777777,0.9832402234636871,0.9805013927576602,0.85,0.8095238095238095,0.8292682926829269,0.9138888888888889,0.8963820164937484,0.9048848427202936,0.964361111111111,0.965,0.9646219172498133,0.965
XGBClassifier,"{'n_estimators': [100, 500], 'max_depth': [3, 7, 11]}","{'max_depth': 11, 'n_estimators': 100}",MinMaxScaler,OverSampler,KMeans,0.907103825136612,0.9273743016759777,0.9171270718232045,0.23529411764705882,0.19047619047619047,0.21052631578947367,0.5711989713918354,0.5589252460760841,0.5638266938063391,0.836563805850209,0.85,0.8429339924396628,0.85
XGBClassifier,"{'n_estimators': [100, 500], 'max_depth': [3, 7, 11]}","{'max_depth': 7, 'n_estimators': 100}",MinMaxScaler,OverSampler,passthrough,0.9666666666666667,0.9720670391061452,0.9693593314763231,0.75,0.7142857142857143,0.7317073170731706,0.8583333333333334,0.8431763766959297,0.8505333242747468,0.9439166666666666,0.945,0.9444058699639922,0.945
XGBClassifier,"{'n_estimators': [100, 500], 'max_depth': [3, 7, 11]}","{'max_depth': 3, 'n_estimators': 500}",MinMaxScaler,UnderSampler,KMeans,0.9140625,0.6536312849162011,0.762214983713355,0.1388888888888889,0.47619047619047616,0.2150537634408602,0.5264756944444444,0.5649108805533387,0.4886343735771076,0.8326692708333333,0.635,0.7047630555847431,0.635
XGBClassifier,"{'n_estimators': [100, 500], 'max_depth': [3, 7, 11]}","{'max_depth': 7, 'n_estimators': 500}",MinMaxScaler,UnderSampler,passthrough,0.9861111111111112,0.7932960893854749,0.8792569659442725,0.3392857142857143,0.9047619047619048,0.49350649350649356,0.6626984126984128,0.8490289970736898,0.686381729725383,0.9181944444444444,0.805,0.8387531663383058,0.805
XGBClassifier,"{'n_estimators': [100, 500], 'max_depth': [3, 7, 11]}","{'max_depth': 7, 'n_estimators': 100}",MinMaxScaler,passtrough,KMeans,0.9032258064516129,0.9385474860335196,0.9205479452054794,0.21428571428571427,0.14285714285714285,0.17142857142857143,0.5587557603686636,0.5407023144453312,0.5459882583170255,0.8308870967741936,0.855,0.841890410958904,0.855
XGBClassifier,"{'n_estimators': [100, 500], 'max_depth': [3, 7, 11]}","{'max_depth': 11, 'n_estimators': 100}",MinMaxScaler,passtrough,passthrough,0.9777777777777777,0.9832402234636871,0.9805013927576602,0.85,0.8095238095238095,0.8292682926829269,0.9138888888888889,0.8963820164937484,0.9048848427202936,0.964361111111111,0.965,0.9646219172498133,0.965
XGBClassifier,"{'n_estimators': [100, 500], 'max_depth': [3, 7, 11]}","{'max_depth': 11, 'n_estimators': 100}",RobustScaler,OverSampler,KMeans,0.9081081081081082,0.9385474860335196,0.9230769230769231,0.26666666666666666,0.19047619047619047,0.2222222222222222,0.5873873873873874,0.5645118382548551,0.5726495726495726,0.8407567567567569,0.86,0.8494871794871794,0.86
XGBClassifier,"{'n_estimators': [100, 500], 'max_depth': [3, 7, 11]}","{'max_depth': 7, 'n_estimators': 500}",RobustScaler,OverSampler,passthrough,0.9775280898876404,0.9720670391061452,0.9747899159663864,0.7727272727272727,0.8095238095238095,0.7906976744186046,0.8751276813074566,0.8907954243149774,0.8827437951924955,0.9560240040858018,0.955,0.9554602306038693,0.955
XGBClassifier,"{'n_estimators': [100, 500], 'max_depth': [3, 7, 11]}","{'max_depth': 7, 'n_estimators': 500}",RobustScaler,UnderSampler,KMeans,0.9834710743801653,0.664804469273743,0.7933333333333333,0.24050632911392406,0.9047619047619048,0.38,0.6119887017470447,0.7847831870178239,0.5866666666666667,0.9054597761272101,0.69,0.7499333333333332,0.69
XGBClassifier,"{'n_estimators': [100, 500], 'max_depth': [3, 7, 11]}","{'max_depth': 3, 'n_estimators': 100}",RobustScaler,UnderSampler,passthrough,0.9797297297297297,0.8100558659217877,0.8868501529051988,0.34615384615384615,0.8571428571428571,0.4931506849315069,0.6629417879417879,0.8335993615323224,0.6900004189183528,0.913204261954262,0.815,0.8455117087679611,0.815
XGBClassifier,"{'n_estimators': [100, 500], 'max_depth': [3, 7, 11]}","{'max_depth': 11, 'n_estimators': 100}",RobustScaler,passtrough,KMeans,0.9206349206349206,0.9720670391061452,0.9456521739130433,0.5454545454545454,0.2857142857142857,0.37499999999999994,0.7330447330447329,0.6288906624102155,0.6603260869565216,0.8812409812409812,0.9,0.8857336956521737,0.9
XGBClassifier,"{'n_estimators': [100, 500], 'max_depth': [3, 7, 11]}","{'max_depth': 11, 'n_estimators': 100}",RobustScaler,passtrough,passthrough,0.9777777777777777,0.9832402234636871,0.9805013927576602,0.85,0.8095238095238095,0.8292682926829269,0.9138888888888889,0.8963820164937484,0.9048848427202936,0.964361111111111,0.965,0.9646219172498133,0.965
XGBClassifier,"{'n_estimators': [100, 500], 'max_depth': [3, 7, 11]}","{'max_depth': 11, 'n_estimators': 500}",MaxAbsScaler,OverSampler,KMeans,0.918918918918919,0.9497206703910615,0.9340659340659342,0.4,0.2857142857142857,0.3333333333333333,0.6594594594594595,0.6177174780526735,0.6336996336996338,0.8644324324324324,0.88,0.870989010989011,0.88
XGBClassifier,"{'n_estimators': [100, 500], 'max_depth': [3, 7, 11]}","{'max_depth': 7, 'n_estimators': 100}",MaxAbsScaler,OverSampler,passthrough,0.9719101123595506,0.9664804469273743,0.9691876750700281,0.7272727272727273,0.7619047619047619,0.7441860465116279,0.849591419816139,0.8641926044160682,0.856686860790828,0.9462231869254342,0.945,0.9455625040713962,0.945
XGBClassifier,"{'n_estimators': [100, 500], 'max_depth': [3, 7, 11]}","{'max_depth': 11, 'n_estimators': 500}",MaxAbsScaler,UnderSampler,KMeans,0.9528301886792453,0.5642458100558659,0.7087719298245614,0.1702127659574468,0.7619047619047619,0.27826086956521734,0.561521477318346,0.663075285980314,0.49351639969488936,0.8706553592934564,0.585,0.6635682684973303,0.585
XGBClassifier,"{'n_estimators': [100, 500], 'max_depth': [3, 7, 11]}","{'max_depth': 11, 'n_estimators': 100}",MaxAbsScaler,UnderSampler,passthrough,0.9871794871794872,0.8603351955307262,0.9194029850746268,0.4318181818181818,0.9047619047619048,0.5846153846153846,0.7094988344988346,0.8825485501463155,0.7520091848450057,0.9288665501165501,0.865,0.8842502870264064,0.865
XGBClassifier,"{'n_estimators': [100, 500], 'max_depth': [3, 7, 11]}","{'max_depth': 11, 'n_estimators': 100}",MaxAbsScaler,passtrough,KMeans,0.9114583333333334,0.9776536312849162,0.9433962264150945,0.5,0.19047619047619047,0.27586206896551724,0.7057291666666667,0.5840649108805533,0.6096291476903059,0.8682552083333335,0.895,0.8733051398828888,0.895
XGBClassifier,"{'n_estimators': [100, 500], 'max_depth': [3, 7, 11]}","{'max_depth': 11, 'n_estimators': 100}",MaxAbsScaler,passtrough,passthrough,0.9777777777777777,0.9832402234636871,0.9805013927576602,0.85,0.8095238095238095,0.8292682926829269,0.9138888888888889,0.8963820164937484,0.9048848427202936,0.964361111111111,0.965,0.9646219172498133,0.965
